-- phpMyAdmin SQL Dump
-- version 5.0.1
-- https://www.phpmyadmin.net/
--
-- Host: localhost:3306
-- Generation Time: Feb 21, 2020 at 04:24 PM
-- Server version: 5.7.24
-- PHP Version: 7.2.19

SET SQL_MODE = "NO_AUTO_VALUE_ON_ZERO";
SET AUTOCOMMIT = 0;
START TRANSACTION;
SET time_zone = "+00:00";


/*!40101 SET @OLD_CHARACTER_SET_CLIENT=@@CHARACTER_SET_CLIENT */;
/*!40101 SET @OLD_CHARACTER_SET_RESULTS=@@CHARACTER_SET_RESULTS */;
/*!40101 SET @OLD_COLLATION_CONNECTION=@@COLLATION_CONNECTION */;
/*!40101 SET NAMES utf8mb4 */;

--
-- Database: `ecommerce`
--

-- --------------------------------------------------------

--
-- Table structure for table `category`
--

CREATE TABLE `category` (
  `id` int(11) NOT NULL,
  `name` varchar(100) NOT NULL
) ENGINE=InnoDB DEFAULT CHARSET=latin1;

--
-- Dumping data for table `category`
--

INSERT INTO `category` (`id`, `name`) VALUES
(1, 'Laptops'),
(2, 'Desktop PC'),
(3, 'Tablets'),
(4, 'Smart Phones');

-- --------------------------------------------------------

--
-- Table structure for table `descriptions`
--

CREATE TABLE `descriptions` (
  `id` int(11) NOT NULL,
  `description` varchar(300) COLLATE utf8mb4_unicode_ci NOT NULL,
  `product_id` int(11) NOT NULL
) ENGINE=InnoDB DEFAULT CHARSET=utf8mb4 COLLATE=utf8mb4_unicode_ci;

--
-- Dumping data for table `descriptions`
--

INSERT INTO `descriptions` (`id`, `description`, `product_id`) VALUES
(152, 'At a Glance. The iPhone X was Apple\'s flagship 10th anniversary iPhone featuring a 5.8-inch OLED display, facial recognition and 3D camera functionality, a glass body, and an A11 Bionic processor.', 177),
(153, 'Launched November 3, 2017, discontinued with the launch of the iPhone XR, XS, and XS Max.', 177),
(154, 'The iPhone 6 and iPhone 6 Plus are smartphones designed and marketed by Apple Inc', 178),
(155, 'The iPad Mini is a line of mini tablet computers designed, developed, and marketed by Apple Inc.', 179),
(156, ' It is a sub-series of the iPad line of tablets, with a reduced screen size of 7.9 inches, in contrast to the standard 9.7 inches.', 179),
(157, 'The first generation iPad Mini was announced on October 23, 2012, and was released on November 2, 2012, in nearly all of Apple\'s markets.', 179),
(158, 'It features similar internal specifications to the iPad 2, including its display resolution.', 179),
(164, 'Face ID lets you unlock your iPhone instantly, and it’s even more secure than Touch ID. With just a glance you can sign in to apps, access accounts, and pay with Apple Pay. And setting it up is quick and simple.', 182),
(165, '\n\nA13 Bionic is so powerful, everything you do is fast and fluid.', 182);

-- --------------------------------------------------------

--
-- Table structure for table `products`
--

CREATE TABLE `products` (
  `id` int(11) NOT NULL,
  `category_id` int(11) NOT NULL,
  `name` varchar(200) CHARACTER SET utf8mb4 COLLATE utf8mb4_unicode_ci NOT NULL,
  `price` double NOT NULL,
  `date_view` date NOT NULL
) ENGINE=InnoDB DEFAULT CHARSET=latin1;

--
-- Dumping data for table `products`
--

INSERT INTO `products` (`id`, `category_id`, `name`, `price`, `date_view`) VALUES
(177, 4, 'Iphone x', 900, '2020-02-21'),
(178, 4, 'Iphone 6', 300, '2020-02-21'),
(179, 3, 'Ipad mini', 500, '2020-02-21'),
(181, 1, 'Samsung s10', 700, '2020-02-21'),
(182, 1, 'iPhone11', 1100, '2020-02-21');

--
-- Indexes for dumped tables
--

--
-- Indexes for table `category`
--
ALTER TABLE `category`
  ADD PRIMARY KEY (`id`),
  ADD KEY `id` (`id`);

--
-- Indexes for table `descriptions`
--
ALTER TABLE `descriptions`
  ADD PRIMARY KEY (`id`),
  ADD KEY `product_id` (`product_id`);

--
-- Indexes for table `products`
--
ALTER TABLE `products`
  ADD PRIMARY KEY (`id`),
  ADD KEY `category_id` (`category_id`);

--
-- AUTO_INCREMENT for dumped tables
--

--
-- AUTO_INCREMENT for table `category`
--
ALTER TABLE `category`
  MODIFY `id` int(11) NOT NULL AUTO_INCREMENT, AUTO_INCREMENT=5;

--
-- AUTO_INCREMENT for table `descriptions`
--
ALTER TABLE `descriptions`
  MODIFY `id` int(11) NOT NULL AUTO_INCREMENT, AUTO_INCREMENT=166;

--
-- AUTO_INCREMENT for table `products`
--
ALTER TABLE `products`
  MODIFY `id` int(11) NOT NULL AUTO_INCREMENT, AUTO_INCREMENT=183;

--
-- Constraints for dumped tables
--

--
-- Constraints for table `descriptions`
--
ALTER TABLE `descriptions`
  ADD CONSTRAINT `descriptions_ibfk_1` FOREIGN KEY (`product_id`) REFERENCES `products` (`id`);

--
-- Constraints for table `products`
--
ALTER TABLE `products`
  ADD CONSTRAINT `products_ibfk_1` FOREIGN KEY (`category_id`) REFERENCES `category` (`id`);
COMMIT;

/*!40101 SET CHARACTER_SET_CLIENT=@OLD_CHARACTER_SET_CLIENT */;
/*!40101 SET CHARACTER_SET_RESULTS=@OLD_CHARACTER_SET_RESULTS */;
/*!40101 SET COLLATION_CONNECTION=@OLD_COLLATION_CONNECTION */;
